22812,The Wizard of Oz (1939),"Lorem ipsum dolor sit amet, consectetur adipiscing elit.",1,1
23337,Citizen Kane (1941),"Duis dapibus nulla ut urna finibus, ac venenatis nisl tristique.",1,1
31750,Get Out (2017),Ut a libero sit amet est blandit faucibus.,2,1
48694,The Third Man (1949),Morbi et odio vitae sem vestibulum rhoncus.,2,0
93959,Mad Max: Fury Road (2015),"Proin sed elit eleifend, vestibulum mauris ac, interdum ipsum.",2,1
35096,The Cabinet of Dr. Caligari (Das Cabinet des Dr. Caligari) (1920),"Proin cursus massa in urna dignissim, id faucibus leo dapibus.",1,1
33033,Inside Out (2015),Proin sed erat vel mauris condimentum elementum aliquet in magna.,2,1
54820,All About Eve (1950),Donec id dui eget augue faucibus tempor.,1,1
36330,Moonlight (2016),"Nunc vulputate tortor vitae urna tempus, vel tempus mi ultricies.",2,1
72824,Metropolis (1927),Pellentesque vel ante sit amet metus auctor varius et sed ligula.,1,0
31793,E.T. The Extra-Terrestrial (1982),"Duis aliquam magna pulvinar, fermentum erat et, cursus justo.",1,1
15094,Spotlight (2015),Etiam id risus vel nisi accumsan sollicitudin.,1,1
45336,It Happened One Night (1934),"Nullam lobortis risus et diam laoreet, in pretium neque gravida.",2,1
36306,Casablanca (1942),Pellentesque cursus est eget diam mattis commodo.,2,0
29644,Modern Times (1936),In finibus nunc lacinia quam vestibulum molestie.,2,1
19063,Singin' in the Rain (1952),Suspendisse sit amet ligula vitae est euismod suscipit.,1,1
58987,The Godfather (1972),Mauris pellentesque lacus at dolor feugiat tristique.,1,1
40977,Laura (1944),"Nunc venenatis arcu ac ligula placerat, nec mollis odio gravida.",1,1
36033,The Big Sick (2017),Suspendisse accumsan ligula a nunc rutrum mollis eu id lorem.,1,1
64300,Psycho (1960),Mauris nec lacus id justo finibus porttitor.,2,1
87654,La Grande illusion (Grand Illusion) (1938),"Sed vitae tortor finibus, malesuada massa et, posuere orci.",1,1
47162,12 Years a Slave (2013),Phasellus pretium velit eu odio vehicula pulvinar.,2,1
99999, Test1, Test1, 1, 1
0, Test2, Test2, 2, 0
12122, Test2, Test2, 1, 1